raininfo,moisture
"{'DateTime': '2023-11-29T20:00:00+00:00', 'EpochDateTime': 1701288000, 'WeatherIcon': 12, 'IconPhrase': 'Showers', 'HasPrecipitation': True, 'PrecipitationType': 'Rain', 'PrecipitationIntensity': 'Light', 'IsDaylight': False, 'Temperature': {'Value': 59.0, 'Unit': 'F', 'UnitType': 18}, 'PrecipitationProbability': 48, 'MobileLink': 'http://www.accuweather.com/en/pt/oliveira-do-hospital/272831/hourly-weather-forecast/272831?day=1&hbhhour=20&lang=en-us', 'Link': 'http://www.accuweather.com/en/pt/oliveira-do-hospital/272831/hourly-weather-forecast/272831?day=1&hbhhour=20&lang=en-us'}",29.887755317337692
"{'DateTime': '2023-11-29T20:00:00+00:00', 'EpochDateTime': 1701288000, 'WeatherIcon': 12, 'IconPhrase': 'Showers', 'HasPrecipitation': True, 'PrecipitationType': 'Rain', 'PrecipitationIntensity': 'Light', 'IsDaylight': False, 'Temperature': {'Value': 59.0, 'Unit': 'F', 'UnitType': 18}, 'PrecipitationProbability': 48, 'MobileLink': 'http://www.accuweather.com/en/pt/oliveira-do-hospital/272831/hourly-weather-forecast/272831?day=1&hbhhour=20&lang=en-us', 'Link': 'http://www.accuweather.com/en/pt/oliveira-do-hospital/272831/hourly-weather-forecast/272831?day=1&hbhhour=20&lang=en-us'}",23.665339339813496
"{'DateTime': '2023-11-29T20:00:00+00:00', 'EpochDateTime': 1701288000, 'WeatherIcon': 12, 'IconPhrase': 'Showers', 'HasPrecipitation': True, 'PrecipitationType': 'Rain', 'PrecipitationIntensity': 'Light', 'IsDaylight': False, 'Temperature': {'Value': 59.0, 'Unit': 'F', 'UnitType': 18}, 'PrecipitationProbability': 48, 'MobileLink': 'http://www.accuweather.com/en/pt/oliveira-do-hospital/272831/hourly-weather-forecast/272831?day=1&hbhhour=20&lang=en-us', 'Link': 'http://www.accuweather.com/en/pt/oliveira-do-hospital/272831/hourly-weather-forecast/272831?day=1&hbhhour=20&lang=en-us'}",99.56087059614889
"{'DateTime': '2023-11-29T20:00:00+00:00', 'EpochDateTime': 1701288000, 'WeatherIcon': 12, 'IconPhrase': 'Showers', 'HasPrecipitation': True, 'PrecipitationType': 'Rain', 'PrecipitationIntensity': 'Light', 'IsDaylight': False, 'Temperature': {'Value': 59.0, 'Unit': 'F', 'UnitType': 18}, 'PrecipitationProbability': 48, 'MobileLink': 'http://www.accuweather.com/en/pt/oliveira-do-hospital/272831/hourly-weather-forecast/272831?day=1&hbhhour=20&lang=en-us', 'Link': 'http://www.accuweather.com/en/pt/oliveira-do-hospital/272831/hourly-weather-forecast/272831?day=1&hbhhour=20&lang=en-us'}",19.485526046420887
"{'DateTime': '2023-11-29T20:00:00+00:00', 'EpochDateTime': 1701288000, 'WeatherIcon': 12, 'IconPhrase': 'Showers', 'HasPrecipitation': True, 'PrecipitationType': 'Rain', 'PrecipitationIntensity': 'Light', 'IsDaylight': False, 'Temperature': {'Value': 59.0, 'Unit': 'F', 'UnitType': 18}, 'PrecipitationProbability': 48, 'MobileLink': 'http://www.accuweather.com/en/pt/oliveira-do-hospital/272831/hourly-weather-forecast/272831?day=1&hbhhour=20&lang=en-us', 'Link': 'http://www.accuweather.com/en/pt/oliveira-do-hospital/272831/hourly-weather-forecast/272831?day=1&hbhhour=20&lang=en-us'}",27.50592693235613
"{'DateTime': '2023-11-29T20:00:00+00:00', 'EpochDateTime': 1701288000, 'WeatherIcon': 12, 'IconPhrase': 'Showers', 'HasPrecipitation': True, 'PrecipitationType': 'Rain', 'PrecipitationIntensity': 'Light', 'IsDaylight': False, 'Temperature': {'Value': 59.0, 'Unit': 'F', 'UnitType': 18}, 'PrecipitationProbability': 48, 'MobileLink': 'http://www.accuweather.com/en/pt/oliveira-do-hospital/272831/hourly-weather-forecast/272831?day=1&hbhhour=20&lang=en-us', 'Link': 'http://www.accuweather.com/en/pt/oliveira-do-hospital/272831/hourly-weather-forecast/272831?day=1&hbhhour=20&lang=en-us'}",18.628983777134277
"{'DateTime': '2023-11-29T20:00:00+00:00', 'EpochDateTime': 1701288000, 'WeatherIcon': 12, 'IconPhrase': 'Showers', 'HasPrecipitation': True, 'PrecipitationType': 'Rain', 'PrecipitationIntensity': 'Light', 'IsDaylight': False, 'Temperature': {'Value': 59.0, 'Unit': 'F', 'UnitType': 18}, 'PrecipitationProbability': 48, 'MobileLink': 'http://www.accuweather.com/en/pt/oliveira-do-hospital/272831/hourly-weather-forecast/272831?day=1&hbhhour=20&lang=en-us', 'Link': 'http://www.accuweather.com/en/pt/oliveira-do-hospital/272831/hourly-weather-forecast/272831?day=1&hbhhour=20&lang=en-us'}",52.73797158393031
"{'DateTime': '2023-11-29T20:00:00+00:00', 'EpochDateTime': 1701288000, 'WeatherIcon': 12, 'IconPhrase': 'Showers', 'HasPrecipitation': True, 'PrecipitationType': 'Rain', 'PrecipitationIntensity': 'Light', 'IsDaylight': False, 'Temperature': {'Value': 59.0, 'Unit': 'F', 'UnitType': 18}, 'PrecipitationProbability': 48, 'MobileLink': 'http://www.accuweather.com/en/pt/oliveira-do-hospital/272831/hourly-weather-forecast/272831?day=1&hbhhour=20&lang=en-us', 'Link': 'http://www.accuweather.com/en/pt/oliveira-do-hospital/272831/hourly-weather-forecast/272831?day=1&hbhhour=20&lang=en-us'}",96.17792645282711
48,6.429886709247324
48,90.0501693754264
48,86.27662818649165
48,96.03290453727944
48,50.89893125196245
48,1.7803861789625453
48,90.52204011691617
48,61.54367702458189
48,77.42377302668693
48,66.51980295310359
48,98.74979021514754
48,4.684858770507072
48,49.67633593454316
48,86.90533579826146
48,22.23071494338591
48,53.346751512375654
48,94.52613173275174
48,91.3420757458675
48,21.054719089210682
48,7.55112646589966
48,9.903450821416559
48,54.54066033889428
48,32.81081882124784
48,8.481185741245056
48,2.7424485506055363
48,95.8072075313644
48,37.853866438934055
48,79.64609864874268
48,45.24865942848135
48,90.34803772459964
48,87.39854641706253
48,84.66555263035221
48,39.19921440670354
48,2.0432742140437443
48,8.44476904155087
48,3.2957986240388037
48,87.09055057655037
48,48.569346437948624
48,54.05848442871227
48,34.550311708333204
48,6.319606781077192
48,38.96131978210349
48,34.48241808289744
48,4.281871727082997
48,7.389771980805415
48,81.30303419296747
48,64.34450292901744
48,30.140694087236085
48,75.96346415590493
48,83.72698520023295
48,78.93055838480684
48,31.762310445414855
48,27.383004984577276
48,50.08065153328647
Oliveira do Hospital,"{'Min': 40, 'Max': 60}",False,40,100.0
Oliveira do Hospital,"{'Min': 40, 'Max': 60}",False,40,100.0
Oliveira do Hospital,"{'Min': 40, 'Max': 60}",False,40,100.0
Oliveira do Hospital,"{'Min': 40, 'Max': 60}",False,40,100.0
Oliveira do Hospital,"{'Min': 40, 'Max': 60}",False,40,100.0
Oliveira do Hospital,"{'Min': 40, 'Max': 60}",False,40,100.0
Oliveira do Hospital,"{'Min': 40, 'Max': 60}",False,40,100.0
Oliveira do Hospital,"{'Min': 40, 'Max': 60}",False,40,100.0
Oliveira do Hospital,"{'Min': 40, 'Max': 60}",False,40,100.0
Oliveira do Hospital,"{'Min': 40, 'Max': 60}",False,40,100.0
Oliveira do Hospital,"{'Min': 40, 'Max': 60}",False,40,100.0
Oliveira do Hospital,"{'Min': 40, 'Max': 60}",False,40,100.0
Oliveira do Hospital,"{'Min': 40, 'Max': 60}",False,40,100.0
Oliveira do Hospital,"{'Min': 40, 'Max': 60}",False,40,100.0
Oliveira do Hospital,"{'Min': 40, 'Max': 60}",False,40,100.0
Oliveira do Hospital,"{'Min': 40, 'Max': 60}",False,40,100.0
Oliveira do Hospital,"{'Min': 40, 'Max': 60}",False,40,100.0
Oliveira do Hospital,"{'Min': 40, 'Max': 60}",False,40,100.0
Oliveira do Hospital,"{'Min': 40, 'Max': 60}",False,40,100.0
Oliveira do Hospital,"{'Min': 40, 'Max': 60}",False,40,100.0
Oliveira do Hospital,"{'Min': 40, 'Max': 60}",False,40,100.0
Oliveira do Hospital,"{'Min': 40, 'Max': 60}",False,40,100.0
Oliveira do Hospital,"{'Min': 40, 'Max': 60}",False,40,100.0
Oliveira do Hospital,"{'Min': 40, 'Max': 60}",False,40,100.0
Oliveira do Hospital,"{'Min': 40, 'Max': 60}",False,40,100.0
Oliveira do Hospital,"{'Min': 40, 'Max': 60}",False,40,100.0
Oliveira do Hospital,"{'Min': 40, 'Max': 60}",False,40,100.0
Oliveira do Hospital,"{'Min': 40, 'Max': 60}",False,40,100.0
Oliveira do Hospital,"{'Min': 40, 'Max': 60}",False,40,100.0
Oliveira do Hospital,"{'Min': 40, 'Max': 60}",False,40,100.0
Oliveira do Hospital,"{'Min': 40, 'Max': 60}",False,40,100.0
Oliveira do Hospital,"{'Min': 40, 'Max': 60}",False,40,100.0
Oliveira do Hospital,"{'Min': 40, 'Max': 60}",False,40,100.0
Oliveira do Hospital,"{'Min': 40, 'Max': 60}",False,40,100.0
Oliveira do Hospital,"{'Min': 40, 'Max': 60}",False,40,100.0
Oliveira do Hospital,"{'Min': 40, 'Max': 60}",False,40,100.0
Oliveira do Hospital,"{'Min': 40, 'Max': 60}",False,40,100.0
Oliveira do Hospital,"{'Min': 40, 'Max': 60}",False,40,100.0
Oliveira do Hospital,"{'Min': 40, 'Max': 60}",False,40,100.0
Oliveira do Hospital,"{'Min': 40, 'Max': 60}",False,40,100.0
Oliveira do Hospital,"{'Min': 40, 'Max': 60}",False,40,100.0
Oliveira do Hospital,"{'Min': 40, 'Max': 60}",False,40,100.0
Oliveira do Hospital,"{'Min': 40, 'Max': 60}",False,40,100.0
Oliveira do Hospital,"{'Min': 40, 'Max': 60}",False,40,100.0
Oliveira do Hospital,"{'Min': 40, 'Max': 60}",False,40,100.0
Oliveira do Hospital,"{'Min': 40, 'Max': 60}",False,40,100.0
Oliveira do Hospital,"{'Min': 40, 'Max': 60}",False,40,100.0
Oliveira do Hospital,"{'Min': 40, 'Max': 60}",False,40,100.0
Oliveira do Hospital,"{'Min': 40, 'Max': 60}",False,40,100.0
Oliveira do Hospital,"{'Min': 40, 'Max': 60}",False,40,100.0
Oliveira do Hospital,"{'Min': 40, 'Max': 60}",False,40,100.0
Oliveira do Hospital,"{'Min': 40, 'Max': 60}",False,40,100.0
Oliveira do Hospital,"{'Min': 40, 'Max': 60}",False,40,100.0
Oliveira do Hospital,"{'Min': 40, 'Max': 60}",False,40,100.0
Oliveira do Hospital,"{'Min': 40, 'Max': 60}",False,40,100.0
Oliveira do Hospital,"{'Min': 40, 'Max': 60}",False,40,100.0
Oliveira do Hospital,"{'Min': 40, 'Max': 60}",False,40,100.0
Oliveira do Hospital,"{'Min': 40, 'Max': 60}",False,40,100.0
Oliveira do Hospital,"{'Min': 40, 'Max': 60}",False,40,100.0
Oliveira do Hospital,"{'Min': 40, 'Max': 60}",False,40,100.0
Oliveira do Hospital,"{'Min': 40, 'Max': 60}",False,40,100.0
Oliveira do Hospital,"{'Min': 40, 'Max': 60}",False,40,100.0
Oliveira do Hospital,"{'Min': 40, 'Max': 60}",False,40,100.0
Oliveira do Hospital,"{'Min': 40, 'Max': 60}",False,40,100.0
Oliveira do Hospital,"{'Min': 40, 'Max': 60}",False,40,100.0
Oliveira do Hospital,"{'Min': 40, 'Max': 60}",False,40,100.0
Oliveira do Hospital,"{'Min': 40, 'Max': 60}",False,40,100.0
Oliveira do Hospital,"{'Min': 40, 'Max': 60}",False,40,100.0
Oliveira do Hospital,"{'Min': 40, 'Max': 60}",False,40,100.0
Oliveira do Hospital,"{'Min': 40, 'Max': 60}",False,40,100.0
Oliveira do Hospital,"{'Min': 40, 'Max': 60}",False,40,100.0
Oliveira do Hospital,"{'Min': 40, 'Max': 60}",False,40,100.0
Oliveira do Hospital,"{'Min': 40, 'Max': 60}",False,40,100.0
Oliveira do Hospital,"{'Min': 40, 'Max': 60}",False,40,100.0
Oliveira do Hospital,"{'Min': 40, 'Max': 60}",False,40,100.0
Oliveira do Hospital,"{'Min': 40, 'Max': 60}",False,40,100.0
Oliveira do Hospital,"{'Min': 40, 'Max': 60}",False,40,101.0
Oliveira do Hospital,"{'Min': 40, 'Max': 60}",False,40,100.0
Oliveira do Hospital,"{'Min': 40, 'Max': 60}",False,40,102.0
Oliveira do Hospital,"{'Min': 40, 'Max': 60}",False,40,100.0
Oliveira do Hospital,"{'Min': 40, 'Max': 60}",False,40,103.0
Oliveira do Hospital,"{'Min': 40, 'Max': 60}",False,40,100.0
Oliveira do Hospital,"{'Min': 40, 'Max': 60}",False,40,99.5
Oliveira do Hospital,"{'Min': 40, 'Max': 60}",False,40,99.0
Oliveira do Hospital,"{'Min': 40, 'Max': 60}",False,40,99.5
Oliveira do Hospital,"{'Min': 40, 'Max': 60}",False,40,98.5
Oliveira do Hospital,"{'Min': 40, 'Max': 60}",False,40,99.0
Oliveira do Hospital,"{'Min': 40, 'Max': 60}",False,40,98.0
Oliveira do Hospital,"{'Min': 40, 'Max': 60}",False,40,98.5
Oliveira do Hospital,"{'Min': 40, 'Max': 60}",False,40,97.5
Oliveira do Hospital,"{'Min': 40, 'Max': 60}",False,40,98.0
Oliveira do Hospital,"{'Min': 40, 'Max': 60}",False,40,97.0
Oliveira do Hospital,"{'Min': 40, 'Max': 60}",False,40,97.5
Oliveira do Hospital,"{'Min': 40, 'Max': 60}",False,40,96.5
Oliveira do Hospital,"{'Min': 40, 'Max': 60}",False,40,97.0
Oliveira do Hospital,"{'Min': 40, 'Max': 60}",False,40,96.0
Oliveira do Hospital,"{'Min': 40, 'Max': 60}",False,40,96.5
Oliveira do Hospital,"{'Min': 40, 'Max': 60}",False,40,95.5
Oliveira do Hospital,"{'Min': 40, 'Max': 60}",False,40,96.0
Oliveira do Hospital,"{'Min': 40, 'Max': 60}",False,40,95.0
Oliveira do Hospital,"{'Min': 40, 'Max': 60}",False,40,95.5
Oliveira do Hospital,"{'Min': 40, 'Max': 60}",False,40,94.5
Oliveira do Hospital,"{'Min': 40, 'Max': 60}",False,40,95.0
Oliveira do Hospital,"{'Min': 40, 'Max': 60}",False,40,94.0
Oliveira do Hospital,"{'Min': 40, 'Max': 60}",False,40,94.5
Oliveira do Hospital,"{'Min': 40, 'Max': 60}",False,40,93.5
Oliveira do Hospital,"{'Min': 40, 'Max': 60}",False,40,94.0
Oliveira do Hospital,"{'Min': 40, 'Max': 60}",False,40,93.0
Oliveira do Hospital,"{'Min': 40, 'Max': 60}",False,40,93.5
Oliveira do Hospital,"{'Min': 40, 'Max': 60}",False,40,92.5
Oliveira do Hospital,"{'Min': 40, 'Max': 60}",False,40,93.0
Oliveira do Hospital,"{'Min': 40, 'Max': 60}",False,40,92.0
Oliveira do Hospital,"{'Min': 40, 'Max': 60}",False,40,92.5
Oliveira do Hospital,"{'Min': 40, 'Max': 60}",False,40,91.5
Oliveira do Hospital,"{'Min': 40, 'Max': 60}",False,40,92.0
Oliveira do Hospital,"{'Min': 40, 'Max': 60}",False,40,91.0
Oliveira do Hospital,"{'Min': 40, 'Max': 60}",False,40,91.5
Oliveira do Hospital,"{'Min': 40, 'Max': 60}",False,40,90.5
Oliveira do Hospital,"{'Min': 40, 'Max': 60}",False,40,91.0
Oliveira do Hospital,"{'Min': 40, 'Max': 60}",False,40,90.0
Oliveira do Hospital,"{'Min': 40, 'Max': 60}",False,40,90.5
Oliveira do Hospital,"{'Min': 40, 'Max': 60}",False,40,89.5
Oliveira do Hospital,"{'Min': 40, 'Max': 60}",False,40,90.0
Oliveira do Hospital,"{'Min': 40, 'Max': 60}",False,40,89.0
Oliveira do Hospital,"{'Min': 40, 'Max': 60}",False,40,89.5
Oliveira do Hospital,"{'Min': 40, 'Max': 60}",False,40,88.5
Oliveira do Hospital,"{'Min': 40, 'Max': 60}",False,40,89.0
Oliveira do Hospital,"{'Min': 40, 'Max': 60}",False,40,88.0
Oliveira do Hospital,"{'Min': 40, 'Max': 60}",False,40,88.5
Oliveira do Hospital,"{'Min': 40, 'Max': 60}",False,40,87.5
Oliveira do Hospital,"{'Min': 40, 'Max': 60}",False,40,88.0
Oliveira do Hospital,"{'Min': 40, 'Max': 60}",False,40,87.0
Oliveira do Hospital,"{'Min': 40, 'Max': 60}",False,40,87.5
Oliveira do Hospital,"{'Min': 40, 'Max': 60}",False,40,86.5
Oliveira do Hospital,"{'Min': 40, 'Max': 60}",False,40,87.0
Oliveira do Hospital,"{'Min': 40, 'Max': 60}",False,40,86.0
Oliveira do Hospital,"{'Min': 40, 'Max': 60}",False,40,86.5
Oliveira do Hospital,"{'Min': 40, 'Max': 60}",False,40,85.5
Oliveira do Hospital,"{'Min': 40, 'Max': 60}",False,40,86.0
Oliveira do Hospital,"{'Min': 40, 'Max': 60}",False,40,85.0
Oliveira do Hospital,"{'Min': 40, 'Max': 60}",False,40,85.5
Oliveira do Hospital,"{'Min': 40, 'Max': 60}",False,40,84.5
Oliveira do Hospital,"{'Min': 40, 'Max': 60}",False,40,85.0
Oliveira do Hospital,"{'Min': 40, 'Max': 60}",False,40,84.0
Oliveira do Hospital,"{'Min': 40, 'Max': 60}",False,40,84.5
Oliveira do Hospital,"{'Min': 40, 'Max': 60}",False,40,83.5
Oliveira do Hospital,"{'Min': 40, 'Max': 60}",False,40,84.0
Oliveira do Hospital,"{'Min': 40, 'Max': 60}",False,40,83.0
Oliveira do Hospital,"{'Min': 40, 'Max': 60}",False,40,83.5
Oliveira do Hospital,"{'Min': 40, 'Max': 60}",False,40,82.5
Oliveira do Hospital,"{'Min': 40, 'Max': 60}",False,40,83.0
Oliveira do Hospital,"{'Min': 40, 'Max': 60}",False,40,82.0
Oliveira do Hospital,"{'Min': 40, 'Max': 60}",False,40,82.5
Oliveira do Hospital,"{'Min': 40, 'Max': 60}",False,40,81.5
Oliveira do Hospital,"{'Min': 40, 'Max': 60}",False,40,82.0
Oliveira do Hospital,"{'Min': 40, 'Max': 60}",False,40,81.0
Oliveira do Hospital,"{'Min': 40, 'Max': 60}",False,40,81.5
Oliveira do Hospital,"{'Min': 40, 'Max': 60}",False,40,80.5
Oliveira do Hospital,"{'Min': 40, 'Max': 60}",False,40,81.0
Oliveira do Hospital,"{'Min': 40, 'Max': 60}",False,40,80.0
Oliveira do Hospital,"{'Min': 40, 'Max': 60}",False,40,80.5
Oliveira do Hospital,"{'Min': 40, 'Max': 60}",False,40,79.5
Oliveira do Hospital,"{'Min': 40, 'Max': 60}",False,40,80.0
Oliveira do Hospital,"{'Min': 40, 'Max': 60}",False,40,79.0
Oliveira do Hospital,"{'Min': 40, 'Max': 60}",False,40,79.5
Oliveira do Hospital,"{'Min': 40, 'Max': 60}",False,40,78.5
Oliveira do Hospital,"{'Min': 40, 'Max': 60}",False,40,79.0
Oliveira do Hospital,"{'Min': 40, 'Max': 60}",False,40,78.0
Oliveira do Hospital,"{'Min': 40, 'Max': 60}",False,40,78.5
Oliveira do Hospital,"{'Min': 40, 'Max': 60}",False,40,77.5
Oliveira do Hospital,"{'Min': 40, 'Max': 60}",False,40,78.0
Oliveira do Hospital,"{'Min': 40, 'Max': 60}",False,40,77.0
Oliveira do Hospital,"{'Min': 40, 'Max': 60}",False,40,77.5
Oliveira do Hospital,"{'Min': 40, 'Max': 60}",False,40,76.5
Oliveira do Hospital,"{'Min': 40, 'Max': 60}",False,40,77.0
Oliveira do Hospital,"{'Min': 40, 'Max': 60}",False,40,76.0
Oliveira do Hospital,"{'Min': 40, 'Max': 60}",False,40,76.5
Oliveira do Hospital,"{'Min': 40, 'Max': 60}",False,40,75.5
Oliveira do Hospital,"{'Min': 40, 'Max': 60}",False,40,76.0
Oliveira do Hospital,"{'Min': 40, 'Max': 60}",False,40,75.0
Oliveira do Hospital,"{'Min': 40, 'Max': 60}",False,40,75.5
Oliveira do Hospital,"{'Min': 40, 'Max': 60}",False,40,74.5
Oliveira do Hospital,"{'Min': 40, 'Max': 60}",False,40,75.0
Oliveira do Hospital,"{'Min': 40, 'Max': 60}",False,40,74.0
Oliveira do Hospital,"{'Min': 40, 'Max': 60}",False,40,74.5
Oliveira do Hospital,"{'Min': 40, 'Max': 60}",False,40,73.5
Oliveira do Hospital,"{'Min': 40, 'Max': 60}",False,40,74.0
Oliveira do Hospital,"{'Min': 40, 'Max': 60}",False,40,73.0
Oliveira do Hospital,"{'Min': 40, 'Max': 60}",False,40,73.5
Oliveira do Hospital,"{'Min': 40, 'Max': 60}",False,40,72.5
Oliveira do Hospital,"{'Min': 40, 'Max': 60}",False,40,73.0
Oliveira do Hospital,"{'Min': 40, 'Max': 60}",False,40,72.0
Oliveira do Hospital,"{'Min': 40, 'Max': 60}",False,40,72.5
Oliveira do Hospital,"{'Min': 40, 'Max': 60}",False,40,71.5
Oliveira do Hospital,"{'Min': 40, 'Max': 60}",False,40,72.0
Oliveira do Hospital,"{'Min': 40, 'Max': 60}",False,40,71.0
Oliveira do Hospital,"{'Min': 40, 'Max': 60}",False,40,71.5
Oliveira do Hospital,"{'Min': 40, 'Max': 60}",False,40,70.5
Oliveira do Hospital,"{'Min': 40, 'Max': 60}",False,40,71.0
Oliveira do Hospital,"{'Min': 40, 'Max': 60}",False,40,70.0
Oliveira do Hospital,"{'Min': 40, 'Max': 60}",False,40,70.5
Oliveira do Hospital,"{'Min': 40, 'Max': 60}",False,40,69.5
Oliveira do Hospital,"{'Min': 40, 'Max': 60}",False,40,70.0
Oliveira do Hospital,"{'Min': 40, 'Max': 60}",False,40,69.0
Oliveira do Hospital,"{'Min': 40, 'Max': 60}",False,40,69.5
Oliveira do Hospital,"{'Min': 40, 'Max': 60}",False,40,68.5
Oliveira do Hospital,"{'Min': 40, 'Max': 60}",False,40,69.0
Oliveira do Hospital,"{'Min': 40, 'Max': 60}",False,40,68.0
Oliveira do Hospital,"{'Min': 40, 'Max': 60}",False,40,68.5
Oliveira do Hospital,"{'Min': 40, 'Max': 60}",False,40,67.5
Oliveira do Hospital,"{'Min': 40, 'Max': 60}",False,40,68.0
Oliveira do Hospital,"{'Min': 40, 'Max': 60}",False,40,67.0
Oliveira do Hospital,"{'Min': 40, 'Max': 60}",False,40,67.5
Oliveira do Hospital,"{'Min': 40, 'Max': 60}",False,40,66.5
Oliveira do Hospital,"{'Min': 40, 'Max': 60}",False,40,67.0
Oliveira do Hospital,"{'Min': 40, 'Max': 60}",False,40,66.0
Oliveira do Hospital,"{'Min': 40, 'Max': 60}",False,40,66.5
Oliveira do Hospital,"{'Min': 40, 'Max': 60}",False,40,65.5
Oliveira do Hospital,"{'Min': 40, 'Max': 60}",False,40,59.5
Oliveira do Hospital,"{'Min': 40, 'Max': 60}",False,40,59.0
Oliveira do Hospital,"{'Min': 40, 'Max': 60}",False,40,59.5
Oliveira do Hospital,"{'Min': 40, 'Max': 60}",False,40,58.5
Oliveira do Hospital,"{'Min': 40, 'Max': 60}",False,40,59.0
Oliveira do Hospital,"{'Min': 40, 'Max': 60}",False,40,58.0
Oliveira do Hospital,"{'Min': 40, 'Max': 60}",False,40,58.5
Oliveira do Hospital,"{'Min': 40, 'Max': 60}",False,40,57.5
Oliveira do Hospital,"{'Min': 40, 'Max': 60}",False,40,59.5
Oliveira do Hospital,"{'Min': 40, 'Max': 60}",False,40,59.0
Oliveira do Hospital,"{'Min': 40, 'Max': 60}",False,40,59.5
Oliveira do Hospital,"{'Min': 40, 'Max': 60}",False,40,58.5
Oliveira do Hospital,"{'Min': 40, 'Max': 60}",False,40,59.0
Oliveira do Hospital,"{'Min': 40, 'Max': 60}",False,40,58.0
Oliveira do Hospital,"{'Min': 40, 'Max': 60}",False,40,58.5
Oliveira do Hospital,"{'Min': 40, 'Max': 60}",False,40,57.5
Oliveira do Hospital,"{'Min': 40, 'Max': 60}",False,40,58.0
Oliveira do Hospital,"{'Min': 40, 'Max': 60}",False,40,57.0
Oliveira do Hospital,"{'Min': 40, 'Max': 60}",False,40,57.5
Oliveira do Hospital,"{'Min': 40, 'Max': 60}",False,40,56.5
Oliveira do Hospital,"{'Min': 40, 'Max': 60}",False,40,57.0
Oliveira do Hospital,"{'Min': 40, 'Max': 60}",False,40,59.5
Oliveira do Hospital,"{'Min': 40, 'Max': 60}",False,40,59.0
Oliveira do Hospital,"{'Min': 40, 'Max': 60}",False,40,59.5
Oliveira do Hospital,"{'Min': 40, 'Max': 60}",False,40,58.5
Oliveira do Hospital,"{'Min': 40, 'Max': 60}",False,40,59.0
Oliveira do Hospital,"{'Min': 40, 'Max': 60}",False,40,59.5
Oliveira do Hospital,"{'Min': 40, 'Max': 60}",False,40,59.0
Oliveira do Hospital,"{'Min': 40, 'Max': 60}",False,40,59.5
Oliveira do Hospital,"{'Min': 40, 'Max': 60}",False,40,58.5
Oliveira do Hospital,"{'Min': 40, 'Max': 60}",False,40,59.0
Oliveira do Hospital,"{'Min': 40, 'Max': 60}",False,40,58.0
Oliveira do Hospital,"{'Min': 40, 'Max': 60}",False,40,58.5
Oliveira do Hospital,"{'Min': 40, 'Max': 60}",False,40,57.5
Oliveira do Hospital,"{'Min': 40, 'Max': 60}",False,40,59.5
Oliveira do Hospital,"{'Min': 40, 'Max': 60}",False,40,59.0
Oliveira do Hospital,"{'Min': 40, 'Max': 60}",False,40,58.5
Oliveira do Hospital,"{'Min': 40, 'Max': 60}",False,40,58.0
Oliveira do Hospital,"{'Min': 40, 'Max': 60}",False,40,57.5
Oliveira do Hospital,"{'Min': 40, 'Max': 60}",False,40,57.0
Oliveira do Hospital,"{'Min': 40, 'Max': 60}",False,40,56.5
Oliveira do Hospital,"{'Min': 40, 'Max': 60}",False,40,56.0
Oliveira do Hospital,"{'Min': 40, 'Max': 60}",False,40,55.5
Oliveira do Hospital,"{'Min': 40, 'Max': 60}",False,40,55.0
Oliveira do Hospital,"{'Min': 40, 'Max': 60}",False,40,54.5
Oliveira do Hospital,"{'Min': 40, 'Max': 60}",False,40,54.0
Oliveira do Hospital,"{'Min': 40, 'Max': 60}",False,40,53.5
Oliveira do Hospital,"{'Min': 40, 'Max': 60}",False,40,53.0
Oliveira do Hospital,"{'Min': 40, 'Max': 60}",False,40,52.5
Oliveira do Hospital,"{'Min': 40, 'Max': 60}",False,40,52.0
Oliveira do Hospital,"{'Min': 40, 'Max': 60}",False,40,51.5
Oliveira do Hospital,"{'Min': 40, 'Max': 60}",False,40,51.0
Oliveira do Hospital,"{'Min': 40, 'Max': 60}",False,40,50.5
Oliveira do Hospital,"{'Min': 40, 'Max': 60}",False,40,50.0
Oliveira do Hospital,"{'Min': 40, 'Max': 60}",False,40,49.5
Oliveira do Hospital,"{'Min': 40, 'Max': 60}",False,40,49.0
Oliveira do Hospital,"{'Min': 40, 'Max': 60}",False,40,48.5
Oliveira do Hospital,"{'Min': 40, 'Max': 60}",False,40,48.0
Oliveira do Hospital,"{'Min': 40, 'Max': 60}",False,40,47.5
Oliveira do Hospital,"{'Min': 40, 'Max': 60}",False,40,47.0
Oliveira do Hospital,"{'Min': 40, 'Max': 60}",False,40,46.5
Oliveira do Hospital,"{'Min': 40, 'Max': 60}",False,40,46.0
Oliveira do Hospital,"{'Min': 40, 'Max': 60}",False,40,45.5
Oliveira do Hospital,"{'Min': 40, 'Max': 60}",False,40,45.0
Oliveira do Hospital,"{'Min': 40, 'Max': 60}",False,40,44.5
Oliveira do Hospital,"{'Min': 40, 'Max': 60}",False,40,44.0
Oliveira do Hospital,"{'Min': 40, 'Max': 60}",False,40,43.5
Oliveira do Hospital,"{'Min': 40, 'Max': 60}",False,40,43.0
Oliveira do Hospital,"{'Min': 40, 'Max': 60}",False,40,42.5
Oliveira do Hospital,"{'Min': 40, 'Max': 60}",False,40,42.0
Oliveira do Hospital,"{'Min': 40, 'Max': 60}",False,40,41.5
Oliveira do Hospital,"{'Min': 40, 'Max': 60}",False,40,41.0
Oliveira do Hospital,"{'Min': 40, 'Max': 60}",False,40,40.5
Oliveira do Hospital,"{'Min': 40, 'Max': 60}",True,40,40.0
Oliveira do Hospital,"{'Min': 40, 'Max': 60}",True,40,39.5
Oliveira do Hospital,"{'Min': 40, 'Max': 60}",True,40,39.0
Oliveira do Hospital,"{'Min': 40, 'Max': 60}",True,40,38.5
Oliveira do Hospital,"{'Min': 40, 'Max': 60}",True,40,38.0
Oliveira do Hospital,"{'Min': 40, 'Max': 60}",True,40,37.5
Oliveira do Hospital,"{'Min': 40, 'Max': 60}",True,40,37.0
Oliveira do Hospital,"{'Min': 40, 'Max': 60}",True,40,36.5
Oliveira do Hospital,"{'Min': 40, 'Max': 60}",True,40,36.0
Oliveira do Hospital,"{'Min': 40, 'Max': 60}",True,40,35.5
Oliveira do Hospital,"{'Min': 40, 'Max': 60}",True,40,35.0
Oliveira do Hospital,"{'Min': 40, 'Max': 60}",True,40,34.5
Oliveira do Hospital,"{'Min': 40, 'Max': 60}",True,40,34.0
Oliveira do Hospital,"{'Min': 40, 'Max': 60}",True,40,33.5
Oliveira do Hospital,"{'Min': 40, 'Max': 60}",True,40,33.0
Oliveira do Hospital,"{'Min': 40, 'Max': 60}",True,40,32.5
Oliveira do Hospital,"{'Min': 40, 'Max': 60}",True,40,32.0
Oliveira do Hospital,"{'Min': 40, 'Max': 60}",True,40,31.5
Oliveira do Hospital,"{'Min': 40, 'Max': 60}",True,40,31.0
Oliveira do Hospital,"{'Min': 40, 'Max': 60}",True,40,30.5
Oliveira do Hospital,"{'Min': 40, 'Max': 60}",True,40,30.0
Oliveira do Hospital,"{'Min': 40, 'Max': 60}",True,40,29.5
Oliveira do Hospital,"{'Min': 40, 'Max': 60}",True,40,29.0
Oliveira do Hospital,"{'Min': 40, 'Max': 60}",True,40,28.5
Oliveira do Hospital,"{'Min': 40, 'Max': 60}",True,40,28.0
Oliveira do Hospital,"{'Min': 40, 'Max': 60}",True,40,27.5
Oliveira do Hospital,"{'Min': 40, 'Max': 60}",True,40,27.0
Oliveira do Hospital,"{'Min': 40, 'Max': 60}",True,40,26.5
Oliveira do Hospital,"{'Min': 40, 'Max': 60}",True,40,26.0
Oliveira do Hospital,"{'Min': 40, 'Max': 60}",True,40,25.5
Oliveira do Hospital,"{'Min': 40, 'Max': 60}",True,40,25.0
Oliveira do Hospital,"{'Min': 40, 'Max': 60}",True,40,24.5
Oliveira do Hospital,"{'Min': 40, 'Max': 60}",True,40,24.0
Oliveira do Hospital,"{'Min': 40, 'Max': 60}",True,40,23.5
Oliveira do Hospital,"{'Min': 40, 'Max': 60}",True,40,23.0
Oliveira do Hospital,"{'Min': 40, 'Max': 60}",True,40,22.5
Oliveira do Hospital,"{'Min': 40, 'Max': 60}",True,40,22.0
Oliveira do Hospital,"{'Min': 40, 'Max': 60}",True,40,21.5
Oliveira do Hospital,"{'Min': 40, 'Max': 60}",True,40,21.0
Oliveira do Hospital,"{'Min': 40, 'Max': 60}",True,40,20.5
Oliveira do Hospital,"{'Min': 40, 'Max': 60}",True,40,20.0
Oliveira do Hospital,"{'Min': 40, 'Max': 60}",True,40,19.5
Oliveira do Hospital,"{'Min': 40, 'Max': 60}",True,40,19.0
Oliveira do Hospital,"{'Min': 40, 'Max': 60}",True,40,18.5
Oliveira do Hospital,"{'Min': 40, 'Max': 60}",True,40,18.0
Oliveira do Hospital,"{'Min': 40, 'Max': 60}",True,40,17.5
Oliveira do Hospital,"{'Min': 40, 'Max': 60}",True,40,17.0
Oliveira do Hospital,"{'Min': 40, 'Max': 60}",True,40,16.5
Oliveira do Hospital,"{'Min': 40, 'Max': 60}",True,40,16.0
Oliveira do Hospital,"{'Min': 40, 'Max': 60}",True,40,15.5
Oliveira do Hospital,"{'Min': 40, 'Max': 60}",True,40,15.0
Oliveira do Hospital,"{'Min': 40, 'Max': 60}",True,40,14.5
Oliveira do Hospital,"{'Min': 40, 'Max': 60}",True,40,14.0
Oliveira do Hospital,"{'Min': 40, 'Max': 60}",True,40,13.5
Oliveira do Hospital,"{'Min': 40, 'Max': 60}",True,40,13.0
Oliveira do Hospital,"{'Min': 40, 'Max': 60}",True,40,12.5
Oliveira do Hospital,"{'Min': 40, 'Max': 60}",True,40,12.0
Oliveira do Hospital,"{'Min': 40, 'Max': 60}",True,40,11.5
Oliveira do Hospital,"{'Min': 40, 'Max': 60}",True,40,11.0
Oliveira do Hospital,"{'Min': 40, 'Max': 60}",True,40,10.5
Oliveira do Hospital,"{'Min': 40, 'Max': 60}",True,40,10.0
Oliveira do Hospital,"{'Min': 40, 'Max': 60}",True,40,9.5
Oliveira do Hospital,"{'Min': 40, 'Max': 60}",True,40,9.0
Oliveira do Hospital,"{'Min': 40, 'Max': 60}",True,40,8.5
Oliveira do Hospital,"{'Min': 40, 'Max': 60}",True,40,8.0
Oliveira do Hospital,"{'Min': 40, 'Max': 60}",True,40,7.5
Oliveira do Hospital,"{'Min': 40, 'Max': 60}",True,40,7.0
Oliveira do Hospital,"{'Min': 40, 'Max': 60}",True,40,6.5
Oliveira do Hospital,"{'Min': 40, 'Max': 60}",True,40,6.0
Oliveira do Hospital,"{'Min': 40, 'Max': 60}",True,40,5.5
Oliveira do Hospital,"{'Min': 40, 'Max': 60}",True,40,5.0
Oliveira do Hospital,"{'Min': 40, 'Max': 60}",True,40,4.5
Oliveira do Hospital,"{'Min': 40, 'Max': 60}",True,40,4.0
Oliveira do Hospital,"{'Min': 40, 'Max': 60}",True,40,3.5
Oliveira do Hospital,"{'Min': 40, 'Max': 60}",True,40,3.0
Oliveira do Hospital,"{'Min': 40, 'Max': 60}",True,40,2.5
Oliveira do Hospital,"{'Min': 40, 'Max': 60}",True,40,2.0
Oliveira do Hospital,"{'Min': 40, 'Max': 60}",True,40,1.5
Oliveira do Hospital,"{'Min': 40, 'Max': 60}",True,40,1.0
Oliveira do Hospital,"{'Min': 40, 'Max': 60}",True,40,0.5
Oliveira do Hospital,"{'Min': 40, 'Max': 60}",True,40,0.0
Oliveira do Hospital,"{'Min': 40, 'Max': 60}",True,40,-0.5
Oliveira do Hospital,"{'Min': 40, 'Max': 60}",True,40,-1.0
Oliveira do Hospital,"{'Min': 40, 'Max': 60}",True,40,-1.5
Oliveira do Hospital,"{'Min': 40, 'Max': 60}",True,40,-2.0
Oliveira do Hospital,"{'Min': 40, 'Max': 60}",True,40,-2.5
Oliveira do Hospital,"{'Min': 40, 'Max': 60}",True,40,-3.0
Oliveira do Hospital,"{'Min': 40, 'Max': 60}",True,40,-3.5
Oliveira do Hospital,"{'Min': 40, 'Max': 60}",True,40,-4.0
Oliveira do Hospital,"{'Min': 40, 'Max': 60}",False,40,60.0
Oliveira do Hospital,"{'Min': 40, 'Max': 60}",False,40,61.0
Oliveira do Hospital,"{'Min': 40, 'Max': 60}",False,40,62.0
Oliveira do Hospital,"{'Min': 40, 'Max': 60}",False,40,63.0
Oliveira do Hospital,"{'Min': 40, 'Max': 60}",False,40,64.0
Oliveira do Hospital,"{'Min': 40, 'Max': 60}",False,40,65.0
Oliveira do Hospital,"{'Min': 40, 'Max': 60}",False,40,66.0
Oliveira do Hospital,"{'Min': 40, 'Max': 60}",False,40,67.0
Oliveira do Hospital,"{'Min': 40, 'Max': 60}",False,40,68.0
Oliveira do Hospital,"{'Min': 40, 'Max': 60}",False,40,69.0
Oliveira do Hospital,"{'Min': 40, 'Max': 60}",False,40,70.0
Oliveira do Hospital,"{'Min': 40, 'Max': 60}",False,40,71.0
Oliveira do Hospital,"{'Min': 40, 'Max': 60}",False,40,72.0
Oliveira do Hospital,"{'Min': 40, 'Max': 60}",False,40,73.0
Oliveira do Hospital,"{'Min': 40, 'Max': 60}",False,40,74.0
Oliveira do Hospital,"{'Min': 40, 'Max': 60}",False,40,75.0
Oliveira do Hospital,"{'Min': 40, 'Max': 60}",False,40,76.0
Oliveira do Hospital,"{'Min': 40, 'Max': 60}",False,40,77.0
Oliveira do Hospital,"{'Min': 40, 'Max': 60}",False,40,78.0
Oliveira do Hospital,"{'Min': 40, 'Max': 60}",False,40,79.0
Oliveira do Hospital,"{'Min': 40, 'Max': 60}",False,40,80.0
Oliveira do Hospital,"{'Min': 40, 'Max': 60}",False,40,81.0
Oliveira do Hospital,"{'Min': 40, 'Max': 60}",False,40,82.0
Oliveira do Hospital,"{'Min': 40, 'Max': 60}",False,40,83.0
Oliveira do Hospital,"{'Min': 40, 'Max': 60}",False,40,84.0
Oliveira do Hospital,"{'Min': 40, 'Max': 60}",False,40,85.0
Oliveira do Hospital,"{'Min': 40, 'Max': 60}",False,40,86.0
Oliveira do Hospital,"{'Min': 40, 'Max': 60}",False,40,87.0
Oliveira do Hospital,"{'Min': 40, 'Max': 60}",False,40,88.0
Oliveira do Hospital,"{'Min': 40, 'Max': 60}",False,40,89.0
Oliveira do Hospital,"{'Min': 40, 'Max': 60}",False,40,90.0
Oliveira do Hospital,"{'Min': 40, 'Max': 60}",False,40,91.0
Oliveira do Hospital,"{'Min': 40, 'Max': 60}",False,40,92.0
Oliveira do Hospital,"{'Min': 40, 'Max': 60}",False,40,93.0
Oliveira do Hospital,"{'Min': 40, 'Max': 60}",False,40,94.0
Oliveira do Hospital,"{'Min': 40, 'Max': 60}",False,40,95.0
Oliveira do Hospital,"{'Min': 40, 'Max': 60}",False,40,96.0
Oliveira do Hospital,"{'Min': 40, 'Max': 60}",False,40,97.0
Oliveira do Hospital,"{'Min': 40, 'Max': 60}",False,40,98.0
Oliveira do Hospital,"{'Min': 40, 'Max': 60}",False,40,99.0
Oliveira do Hospital,"{'Min': 40, 'Max': 60}",False,40,100.0
Oliveira do Hospital,"{'Min': 40, 'Max': 60}",False,40,100.0
Oliveira do Hospital,"{'Min': 40, 'Max': 60}",False,40,100.0
Oliveira do Hospital,"{'Min': 40, 'Max': 60}",False,40,100.0
Oliveira do Hospital,"{'Min': 40, 'Max': 60}",False,40,100.0
Oliveira do Hospital,"{'Min': 40, 'Max': 60}",False,40,100.0
Oliveira do Hospital,"{'Min': 40, 'Max': 60}",False,40,100.0
Oliveira do Hospital,"{'Min': 40, 'Max': 60}",False,40,100.0
Oliveira do Hospital,"{'Min': 40, 'Max': 60}",False,40,100.0
Oliveira do Hospital,"{'Min': 40, 'Max': 60}",False,40,100.0
Oliveira do Hospital,"{'Min': 40, 'Max': 60}",False,40,100.0
Oliveira do Hospital,"{'Min': 40, 'Max': 60}",False,40,100.0
Oliveira do Hospital,"{'Min': 40, 'Max': 60}",False,40,100.0
Oliveira do Hospital,"{'Min': 40, 'Max': 60}",False,40,100.0
Oliveira do Hospital,"{'Min': 40, 'Max': 60}",False,40,100.0
Oliveira do Hospital,"{'Min': 40, 'Max': 60}",False,40,100.0
Oliveira do Hospital,"{'Min': 40, 'Max': 60}",False,40,100.0
Oliveira do Hospital,"{'Min': 40, 'Max': 60}",False,40,100.0
Oliveira do Hospital,"{'Min': 40, 'Max': 60}",False,40,100.0
Oliveira do Hospital,"{'Min': 40, 'Max': 60}",False,40,100.0
Oliveira do Hospital,"{'Min': 40, 'Max': 60}",False,40,100.0
Oliveira do Hospital,"{'Min': 40, 'Max': 60}",False,40,100.0
Oliveira do Hospital,"{'Min': 40, 'Max': 60}",False,40,100.0
Oliveira do Hospital,"{'Min': 40, 'Max': 60}",False,40,100.0
Oliveira do Hospital,"{'Min': 40, 'Max': 60}",False,40,100.0
Oliveira do Hospital,"{'Min': 40, 'Max': 60}",False,40,100.0
Oliveira do Hospital,"{'Min': 40, 'Max': 60}",False,40,100.0
Oliveira do Hospital,"{'Min': 40, 'Max': 60}",False,40,100.0
Oliveira do Hospital,"{'Min': 40, 'Max': 60}",False,40,100.0
Oliveira do Hospital,"{'Min': 40, 'Max': 60}",False,40,100.0
Oliveira do Hospital,"{'Min': 40, 'Max': 60}",False,40,100.0
Oliveira do Hospital,"{'Min': 40, 'Max': 60}",False,40,100.0
Oliveira do Hospital,"{'Min': 40, 'Max': 60}",False,40,100.0
Oliveira do Hospital,"{'Min': 40, 'Max': 60}",False,40,100.0
Oliveira do Hospital,"{'Min': 40, 'Max': 60}",False,40,100.0
Oliveira do Hospital,"{'Min': 40, 'Max': 60}",False,40,100.0
Oliveira do Hospital,"{'Min': 40, 'Max': 60}",False,40,100.0
Oliveira do Hospital,"{'Min': 40, 'Max': 60}",False,40,100.0
Oliveira do Hospital,"{'Min': 40, 'Max': 60}",False,40,100.0
Oliveira do Hospital,"{'Min': 40, 'Max': 60}",False,40,60.0
Oliveira do Hospital,"{'Min': 40, 'Max': 60}",False,40,61.0
Oliveira do Hospital,"{'Min': 40, 'Max': 60}",False,40,62.0
Oliveira do Hospital,"{'Min': 40, 'Max': 60}",False,40,63.0
Oliveira do Hospital,"{'Min': 40, 'Max': 60}",False,40,64.0
Oliveira do Hospital,"{'Min': 40, 'Max': 60}",False,40,65.0
Oliveira do Hospital,"{'Min': 40, 'Max': 60}",False,40,66.0
Oliveira do Hospital,"{'Min': 40, 'Max': 60}",False,40,67.0
Oliveira do Hospital,"{'Min': 40, 'Max': 60}",False,40,68.0
Oliveira do Hospital,"{'Min': 40, 'Max': 60}",False,40,69.0
Oliveira do Hospital,"{'Min': 40, 'Max': 60}",False,40,70.0
Oliveira do Hospital,"{'Min': 40, 'Max': 60}",False,40,71.0
Oliveira do Hospital,"{'Min': 40, 'Max': 60}",False,40,72.0
Oliveira do Hospital,"{'Min': 40, 'Max': 60}",False,40,73.0
Oliveira do Hospital,"{'Min': 40, 'Max': 60}",False,40,74.0
Oliveira do Hospital,"{'Min': 40, 'Max': 60}",False,40,75.0
Oliveira do Hospital,"{'Min': 40, 'Max': 60}",False,40,76.0
Oliveira do Hospital,"{'Min': 40, 'Max': 60}",False,40,77.0
Oliveira do Hospital,"{'Min': 40, 'Max': 60}",False,40,78.0
Oliveira do Hospital,"{'Min': 40, 'Max': 60}",False,40,79.0
Oliveira do Hospital,"{'Min': 40, 'Max': 60}",False,40,80.0
Oliveira do Hospital,"{'Min': 40, 'Max': 60}",False,40,81.0
Oliveira do Hospital,"{'Min': 40, 'Max': 60}",False,40,82.0
Oliveira do Hospital,"{'Min': 40, 'Max': 60}",False,40,83.0
Oliveira do Hospital,"{'Min': 40, 'Max': 60}",False,40,84.0
Oliveira do Hospital,"{'Min': 40, 'Max': 60}",False,40,85.0
Oliveira do Hospital,"{'Min': 40, 'Max': 60}",False,40,86.0
Oliveira do Hospital,"{'Min': 40, 'Max': 60}",False,40,87.0
Oliveira do Hospital,"{'Min': 40, 'Max': 60}",False,40,88.0
Oliveira do Hospital,"{'Min': 40, 'Max': 60}",False,40,89.0
Oliveira do Hospital,"{'Min': 40, 'Max': 60}",False,40,90.0
Oliveira do Hospital,"{'Min': 40, 'Max': 60}",False,40,91.0
Oliveira do Hospital,"{'Min': 40, 'Max': 60}",False,40,92.0
Oliveira do Hospital,"{'Min': 40, 'Max': 60}",False,40,93.0
Oliveira do Hospital,"{'Min': 40, 'Max': 60}",False,40,94.0
Oliveira do Hospital,"{'Min': 40, 'Max': 60}",False,40,95.0
Oliveira do Hospital,"{'Min': 40, 'Max': 60}",False,40,96.0
Oliveira do Hospital,"{'Min': 40, 'Max': 60}",False,40,60.0
Oliveira do Hospital,"{'Min': 40, 'Max': 60}",False,40,59.5
Oliveira do Hospital,"{'Min': 40, 'Max': 60}",False,40,59.0
Oliveira do Hospital,"{'Min': 40, 'Max': 60}",False,40,58.5
Oliveira do Hospital,"{'Min': 40, 'Max': 60}",False,40,58.0
Oliveira do Hospital,"{'Min': 40, 'Max': 60}",False,40,57.5
Oliveira do Hospital,"{'Min': 40, 'Max': 60}",False,40,57.0
Oliveira do Hospital,"{'Min': 40, 'Max': 60}",False,40,56.5
Oliveira do Hospital,"{'Min': 40, 'Max': 60}",False,40,56.0
Oliveira do Hospital,"{'Min': 40, 'Max': 60}",False,40,55.5
Oliveira do Hospital,"{'Min': 40, 'Max': 60}",False,40,55.0
Oliveira do Hospital,"{'Min': 40, 'Max': 60}",False,40,54.5
Oliveira do Hospital,"{'Min': 40, 'Max': 60}",False,40,54.0
Oliveira do Hospital,"{'Min': 40, 'Max': 60}",False,40,53.5
Oliveira do Hospital,"{'Min': 40, 'Max': 60}",False,40,53.0
Oliveira do Hospital,"{'Min': 40, 'Max': 60}",False,40,52.5
Oliveira do Hospital,"{'Min': 40, 'Max': 60}",False,40,52.0
Oliveira do Hospital,"{'Min': 40, 'Max': 60}",False,40,51.5
Oliveira do Hospital,"{'Min': 40, 'Max': 60}",False,40,51.0
Oliveira do Hospital,"{'Min': 40, 'Max': 60}",False,40,50.5
Oliveira do Hospital,"{'Min': 40, 'Max': 60}",False,40,50.0
Oliveira do Hospital,"{'Min': 40, 'Max': 60}",False,40,49.5
Oliveira do Hospital,"{'Min': 40, 'Max': 60}",False,40,49.0
Oliveira do Hospital,"{'Min': 40, 'Max': 60}",False,40,48.5
Oliveira do Hospital,"{'Min': 40, 'Max': 60}",False,40,48.0
Oliveira do Hospital,"{'Min': 40, 'Max': 60}",False,40,47.5
Oliveira do Hospital,"{'Min': 40, 'Max': 60}",False,40,47.0
Oliveira do Hospital,"{'Min': 40, 'Max': 60}",False,40,46.5
Oliveira do Hospital,"{'Min': 40, 'Max': 60}",False,40,46.0
Oliveira do Hospital,"{'Min': 40, 'Max': 60}",False,40,45.5
Oliveira do Hospital,"{'Min': 40, 'Max': 60}",False,40,45.0
Oliveira do Hospital,"{'Min': 40, 'Max': 60}",False,40,44.5
Oliveira do Hospital,"{'Min': 40, 'Max': 60}",False,40,44.0
Oliveira do Hospital,"{'Min': 40, 'Max': 60}",False,40,43.5
Oliveira do Hospital,"{'Min': 40, 'Max': 60}",False,40,43.0
Oliveira do Hospital,"{'Min': 40, 'Max': 60}",False,40,42.5
Oliveira do Hospital,"{'Min': 40, 'Max': 60}",False,40,42.0
Oliveira do Hospital,"{'Min': 40, 'Max': 60}",False,40,41.5
Oliveira do Hospital,"{'Min': 40, 'Max': 60}",False,40,41.0
Oliveira do Hospital,"{'Min': 40, 'Max': 60}",False,40,40.5
Oliveira do Hospital,"{'Min': 40, 'Max': 60}",True,40,40.0
Oliveira do Hospital,"{'Min': 40, 'Max': 60}",True,40,39.5
Oliveira do Hospital,"{'Min': 40, 'Max': 60}",True,40,40.5
Oliveira do Hospital,"{'Min': 40, 'Max': 60}",True,40,41.5
Oliveira do Hospital,"{'Min': 40, 'Max': 60}",True,40,42.5
Oliveira do Hospital,"{'Min': 40, 'Max': 60}",True,40,43.5
Oliveira do Hospital,"{'Min': 40, 'Max': 60}",True,40,44.5
Oliveira do Hospital,"{'Min': 40, 'Max': 60}",True,40,45.5
Oliveira do Hospital,"{'Min': 40, 'Max': 60}",True,40,46.5
Oliveira do Hospital,"{'Min': 40, 'Max': 60}",True,40,47.5
Oliveira do Hospital,"{'Min': 40, 'Max': 60}",True,40,48.5
Oliveira do Hospital,"{'Min': 40, 'Max': 60}",True,40,49.5
Oliveira do Hospital,"{'Min': 40, 'Max': 60}",True,40,50.5
Oliveira do Hospital,"{'Min': 40, 'Max': 60}",True,40,51.5
Oliveira do Hospital,"{'Min': 40, 'Max': 60}",True,40,52.5
Oliveira do Hospital,"{'Min': 40, 'Max': 60}",True,40,53.5
Oliveira do Hospital,"{'Min': 40, 'Max': 60}",True,40,54.5
Oliveira do Hospital,"{'Min': 40, 'Max': 60}",True,40,55.5
Oliveira do Hospital,"{'Min': 40, 'Max': 60}",True,40,56.5
Oliveira do Hospital,"{'Min': 40, 'Max': 60}",True,40,57.5
Oliveira do Hospital,"{'Min': 40, 'Max': 60}",True,40,58.5
Oliveira do Hospital,"{'Min': 40, 'Max': 60}",True,40,59.5
Oliveira do Hospital,"{'Min': 40, 'Max': 60}",False,40,60.5
Oliveira do Hospital,"{'Min': 40, 'Max': 60}",False,40,61.5
Oliveira do Hospital,"{'Min': 40, 'Max': 60}",False,40,61.0
Oliveira do Hospital,"{'Min': 40, 'Max': 60}",False,40,60.5
Oliveira do Hospital,"{'Min': 40, 'Max': 60}",False,40,60.0
Oliveira do Hospital,"{'Min': 40, 'Max': 60}",False,40,59.5
Oliveira do Hospital,"{'Min': 40, 'Max': 60}",False,40,59.0
Oliveira do Hospital,"{'Min': 40, 'Max': 60}",False,40,58.5
Oliveira do Hospital,"{'Min': 40, 'Max': 60}",False,40,58.0
Oliveira do Hospital,"{'Min': 40, 'Max': 60}",False,40,57.5
Oliveira do Hospital,"{'Min': 40, 'Max': 60}",False,40,57.0
Oliveira do Hospital,"{'Min': 40, 'Max': 60}",False,40,56.5
Oliveira do Hospital,"{'Min': 40, 'Max': 60}",False,40,56.0
Oliveira do Hospital,"{'Min': 40, 'Max': 60}",False,40,55.5
Oliveira do Hospital,"{'Min': 40, 'Max': 60}",False,40,55.0
Oliveira do Hospital,"{'Min': 40, 'Max': 60}",False,40,54.5
Oliveira do Hospital,"{'Min': 40, 'Max': 60}",False,40,54.0
Oliveira do Hospital,"{'Min': 40, 'Max': 60}",False,40,53.5
Oliveira do Hospital,"{'Min': 40, 'Max': 60}",False,40,53.0
Oliveira do Hospital,"{'Min': 40, 'Max': 60}",False,40,52.5
Oliveira do Hospital,"{'Min': 40, 'Max': 60}",False,40,52.0
Oliveira do Hospital,"{'Min': 40, 'Max': 60}",False,40,51.5
Oliveira do Hospital,"{'Min': 40, 'Max': 60}",False,40,51.0
Oliveira do Hospital,"{'Min': 40, 'Max': 60}",False,40,50.5
Oliveira do Hospital,"{'Min': 40, 'Max': 60}",False,40,50.0
Oliveira do Hospital,"{'Min': 40, 'Max': 60}",False,40,49.5
Oliveira do Hospital,"{'Min': 40, 'Max': 60}",False,40,49.0
Oliveira do Hospital,"{'Min': 40, 'Max': 60}",False,40,48.5
Oliveira do Hospital,"{'Min': 40, 'Max': 60}",False,40,48.0
Oliveira do Hospital,"{'Min': 40, 'Max': 60}",False,40,47.5
Oliveira do Hospital,"{'Min': 40, 'Max': 60}",False,40,47.0
Oliveira do Hospital,"{'Min': 40, 'Max': 60}",False,40,46.5
